name,iterations,real_time,cpu_time,time_unit,bytes_per_second,items_per_second,label,error_occurred,error_message
"boundToFree_eigen_float/repeats:20/real_time/threads:1_mean",20,56.1737,56.1733,ns,,,,,
"boundToFree_blaze_float/repeats:20/real_time/threads:1_mean",20,19.4806,19.4805,ns,,,,,
"boundToFree_custom_float/repeats:20/real_time/threads:1_mean",20,6.5449,6.54488,ns,,,,,
"boundToFree_fastor_float/repeats:20/real_time/threads:1_mean",20,19.4217,19.4217,ns,,,,,
"freeToBound_eigen_float/repeats:20/real_time/threads:1_mean",20,15.9162,15.9161,ns,,,,,
"freeToBound_blaze_float/repeats:20/real_time/threads:1_mean",20,10.3355,10.3355,ns,,,,,
"freeToBound_custom_float/repeats:20/real_time/threads:1_mean",20,5.34527,5.34525,ns,,,,,
"freeToBound_fastor_float/repeats:20/real_time/threads:1_mean",20,14.6482,14.6482,ns,,,,,
"boundToFree_eigen_double/repeats:20/real_time/threads:1_mean",20,59.66,59.6598,ns,,,,,
"boundToFree_blaze_double/repeats:20/real_time/threads:1_mean",20,17.682,17.6819,ns,,,,,
"boundToFree_fastor_double/repeats:20/real_time/threads:1_mean",20,17.9585,17.9584,ns,,,,,
"freeToBound_eigen_double/repeats:20/real_time/threads:1_mean",20,15.8105,15.8105,ns,,,,,
"freeToBound_blaze_double/repeats:20/real_time/threads:1_mean",20,19.3576,19.3575,ns,,,,,
"freeToBound_fastor_double/repeats:20/real_time/threads:1_mean",20,13.4965,13.4965,ns,,,,,
